{
  "v": "5.7.12",
  "fr": 24,
  "ip": 0,
  "op": 50,
  "w": 520,
  "h": 520,
  "nm": "Checklist 2",
  "ddd": 0,
  "assets": [],
  "layers": [
    {
      "ddd": 0,
      "ind": 1,
      "ty": 4,
      "nm": "Checklist",
      "sr": 1,
      "ks": {
        "o": {
          "a": 1,
          "k": [
            {
              "i": {"x": [0.667], "y": [1]},
              "o": {"x": [0.333], "y": [0]},
              "t": 50,
              "s": [100]
            },
            {"t": 62, "s": [0]}
          ],
          "ix": 11
        },
        "r": {"a": 0, "k": 0, "ix": 10},
        "p": {"a": 0, "k": [259.587, 260.119, 0], "ix": 2, "l": 2},
        "a": {"a": 0, "k": [297.587, 298.119, 0], "ix": 1, "l": 2},
        "s": {"a": 0, "k": [100, 100, 100], "ix": 6, "l": 2}
      },
      "ao": 0,
      "shapes": [
        {
          "ty": "gr",
          "it": [
            {
              "ind": 0,
              "ty": "sh",
              "ix": 1,
              "ks": {
                "a": 0,
                "k": {
                  "i": [
                    [0, 0],
                    [0, 0],
                    [0, 0]
                  ],
                  "o": [
                    [0, 0],
                    [0, 0],
                    [0, 0]
                  ],
                  "v": [
                    [54.754, -36.121],
                    [-17.487, 36.12],
                    [-54.754, -1.147]
                  ],
                  "c": false
                },
                "ix": 2
              },
              "nm": "Path 1",
              "mn": "ADBE Vector Shape - Group",
              "hd": false
            },
            {
              "ty": "st",
              "c": {"a": 0, "k": [1, 1, 1, 1], "ix": 3},
              "o": {"a": 0, "k": 100, "ix": 4},
              "w": {"a": 0, "k": 23, "ix": 5},
              "lc": 2,
              "lj": 2,
              "bm": 0,
              "nm": "Stroke 1",
              "mn": "ADBE Vector Graphic - Stroke",
              "hd": false
            },
            {
              "ty": "tr",
              "p": {"a": 0, "k": [294.971, 298.679], "ix": 2},
              "a": {"a": 0, "k": [0, 0], "ix": 1},
              "s": {"a": 0, "k": [100, 100], "ix": 3},
              "r": {"a": 0, "k": 0, "ix": 6},
              "o": {"a": 0, "k": 100, "ix": 7},
              "sk": {"a": 0, "k": 0, "ix": 4},
              "sa": {"a": 0, "k": 0, "ix": 5},
              "nm": "Transform"
            }
          ],
          "nm": "Group 1",
          "np": 2,
          "cix": 2,
          "bm": 0,
          "ix": 1,
          "mn": "ADBE Vector Group",
          "hd": false
        },
        {
          "ty": "tm",
          "s": {
            "a": 1,
            "k": [
              {
                "i": {"x": [0], "y": [1]},
                "o": {"x": [0.333], "y": [0]},
                "t": 24,
                "s": [100]
              },
              {"t": 36, "s": [0]}
            ],
            "ix": 1
          },
          "e": {"a": 0, "k": 100, "ix": 2},
          "o": {"a": 0, "k": 0, "ix": 3},
          "m": 1,
          "ix": 2,
          "nm": "Trim Paths 1",
          "mn": "ADBE Vector Filter - Trim",
          "hd": false
        }
      ],
      "ip": 0,
      "op": 720,
      "st": 0,
      "bm": 0
    },
    {
      "ddd": 0,
      "ind": 2,
      "ty": 4,
      "nm": "Cricle",
      "sr": 1,
      "ks": {
        "o": {
          "a": 1,
          "k": [
            {
              "i": {"x": [0.667], "y": [1]},
              "o": {"x": [0.333], "y": [0]},
              "t": 50,
              "s": [100]
            },
            {"t": 62, "s": [0]}
          ],
          "ix": 11
        },
        "r": {"a": 0, "k": 0, "ix": 10},
        "p": {"a": 0, "k": [260, 260, 0], "ix": 2, "l": 2},
        "a": {"a": 0, "k": [-7.627, -7.691, 0], "ix": 1, "l": 2},
        "s": {
          "a": 1,
          "k": [
            {
              "i": {"x": [0.667, 0.667, 0.667], "y": [1, 1, 1]},
              "o": {"x": [0.167, 0.167, 0.167], "y": [0, 0, 0]},
              "t": 18,
              "s": [124.222, 124.222, 100]
            },
            {
              "i": {"x": [0.667, 0.667, 0.667], "y": [1, 1, 1]},
              "o": {"x": [0.333, 0.333, 0.333], "y": [0, 0, 0]},
              "t": 20,
              "s": [134.222, 134.222, 100]
            },
            {
              "i": {"x": [0.667, 0.667, 0.667], "y": [1, 1, 1]},
              "o": {"x": [0.333, 0.333, 0.333], "y": [0, 0, 0]},
              "t": 22,
              "s": [114.22200000000001, 114.22200000000001, 100]
            },
            {"t": 24, "s": [124.222, 124.222, 100]}
          ],
          "ix": 6,
          "l": 2
        }
      },
      "ao": 0,
      "shapes": [
        {
          "ty": "gr",
          "it": [
            {
              "d": 1,
              "ty": "el",
              "s": {"a": 0, "k": [178.46, 178.46], "ix": 2},
              "p": {"a": 0, "k": [0, 0], "ix": 3},
              "nm": "Ellipse Path 1",
              "mn": "ADBE Vector Shape - Ellipse",
              "hd": false
            },
            {
              "ty": "tm",
              "s": {"a": 0, "k": 0, "ix": 1},
              "e": {
                "a": 1,
                "k": [
                  {
                    "i": {"x": [0.239], "y": [1]},
                    "o": {"x": [0.333], "y": [0]},
                    "t": 0,
                    "s": [0]
                  },
                  {"t": 24, "s": [100]}
                ],
                "ix": 2
              },
              "o": {"a": 0, "k": 0, "ix": 3},
              "m": 1,
              "ix": 2,
              "nm": "Trim Paths 1",
              "mn": "ADBE Vector Filter - Trim",
              "hd": false
            },
            {
              "ty": "st",
              "c": {
                "a": 0,
                "k": [0.074509803922, 0.596078431373, 0.349019607843, 1],
                "ix": 3
              },
              "o": {"a": 0, "k": 100, "ix": 4},
              "w": {"a": 0, "k": 10, "ix": 5},
              "lc": 2,
              "lj": 2,
              "bm": 0,
              "nm": "Stroke 1",
              "mn": "ADBE Vector Graphic - Stroke",
              "hd": false
            },
            {
              "ty": "fl",
              "c": {
                "a": 0,
                "k": [0.074509803922, 0.596078431373, 0.349019607843, 1],
                "ix": 4
              },
              "o": {
                "a": 1,
                "k": [
                  {
                    "i": {"x": [0], "y": [1]},
                    "o": {"x": [0.333], "y": [0]},
                    "t": 22,
                    "s": [0]
                  },
                  {"t": 24, "s": [100]}
                ],
                "ix": 5
              },
              "r": 1,
              "bm": 0,
              "nm": "Fill 1",
              "mn": "ADBE Vector Graphic - Fill",
              "hd": false
            },
            {
              "ty": "tr",
              "p": {"a": 0, "k": [-7.627, -7.691], "ix": 2},
              "a": {"a": 0, "k": [0, 0], "ix": 1},
              "s": {"a": 0, "k": [100, 100], "ix": 3},
              "r": {"a": 0, "k": 0, "ix": 6},
              "o": {"a": 0, "k": 100, "ix": 7},
              "sk": {"a": 0, "k": 0, "ix": 4},
              "sa": {"a": 0, "k": 0, "ix": 5},
              "nm": "Transform"
            }
          ],
          "nm": "Ellipse 1",
          "np": 4,
          "cix": 2,
          "bm": 0,
          "ix": 1,
          "mn": "ADBE Vector Group",
          "hd": false
        }
      ],
      "ip": 0,
      "op": 720,
      "st": 0,
      "bm": 0
    },
    {
      "ddd": 0,
      "ind": 3,
      "ty": 4,
      "nm": "Line",
      "sr": 1,
      "ks": {
        "o": {
          "a": 1,
          "k": [
            {
              "i": {"x": [0.667], "y": [1]},
              "o": {"x": [0.333], "y": [0]},
              "t": 28,
              "s": [0]
            },
            {
              "i": {"x": [0.667], "y": [1]},
              "o": {"x": [0.333], "y": [0]},
              "t": 39,
              "s": [100]
            },
            {"t": 50, "s": [0]}
          ],
          "ix": 11
        },
        "r": {"a": 0, "k": 0, "ix": 10},
        "p": {"a": 0, "k": [260, 260, 0], "ix": 2, "l": 2},
        "a": {"a": 0, "k": [298, 298, 0], "ix": 1, "l": 2},
        "s": {
          "a": 1,
          "k": [
            {
              "i": {"x": [0, 0, 0.667], "y": [1, 1, 1]},
              "o": {"x": [0.333, 0.333, 0.333], "y": [0, 0, 0]},
              "t": 28,
              "s": [46, 46, 100]
            },
            {"t": 50, "s": [100, 100, 100]}
          ],
          "ix": 6,
          "l": 2
        }
      },
      "ao": 0,
      "shapes": [
        {
          "ty": "gr",
          "it": [
            {
              "ind": 0,
              "ty": "sh",
              "ix": 1,
              "ks": {
                "a": 0,
                "k": {
                  "i": [
                    [-120.208, 0],
                    [0, -120.208],
                    [120.207, 0],
                    [0, 120.208]
                  ],
                  "o": [
                    [120.207, 0],
                    [0, 120.208],
                    [-120.208, 0],
                    [0, -120.208]
                  ],
                  "v": [
                    [0, -217.655],
                    [217.655, 0],
                    [0, 217.655],
                    [-217.655, 0]
                  ],
                  "c": true
                },
                "ix": 2
              },
              "nm": "Path 1",
              "mn": "ADBE Vector Shape - Group",
              "hd": false
            },
            {
              "ty": "st",
              "c": {
                "a": 0,
                "k": [0.65023354923, 0.829386991613, 0.709956449621, 1],
                "ix": 3
              },
              "o": {"a": 0, "k": 100, "ix": 4},
              "w": {"a": 0, "k": 2, "ix": 5},
              "lc": 1,
              "lj": 1,
              "ml": 10,
              "bm": 0,
              "nm": "Stroke 1",
              "mn": "ADBE Vector Graphic - Stroke",
              "hd": false
            },
            {
              "ty": "tr",
              "p": {"a": 0, "k": [297.587, 298.119], "ix": 2},
              "a": {"a": 0, "k": [0, 0], "ix": 1},
              "s": {"a": 0, "k": [100, 100], "ix": 3},
              "r": {"a": 0, "k": 0, "ix": 6},
              "o": {"a": 0, "k": 100, "ix": 7},
              "sk": {"a": 0, "k": 0, "ix": 4},
              "sa": {"a": 0, "k": 0, "ix": 5},
              "nm": "Transform"
            }
          ],
          "nm": "Group 1",
          "np": 2,
          "cix": 2,
          "bm": 0,
          "ix": 1,
          "mn": "ADBE Vector Group",
          "hd": false
        }
      ],
      "ip": 28,
      "op": 720,
      "st": 0,
      "bm": 0
    },
    {
      "ddd": 0,
      "ind": 4,
      "ty": 4,
      "nm": "Shadow",
      "sr": 1,
      "ks": {
        "o": {
          "a": 1,
          "k": [
            {
              "i": {"x": [0.667], "y": [1]},
              "o": {"x": [0.333], "y": [0]},
              "t": 22,
              "s": [0]
            },
            {
              "i": {"x": [0.667], "y": [1]},
              "o": {"x": [0.333], "y": [0]},
              "t": 33,
              "s": [100]
            },
            {"t": 44, "s": [0]}
          ],
          "ix": 11
        },
        "r": {"a": 0, "k": 0, "ix": 10},
        "p": {"a": 0, "k": [260, 260, 0], "ix": 2, "l": 2},
        "a": {"a": 0, "k": [298, 298, 0], "ix": 1, "l": 2},
        "s": {
          "a": 1,
          "k": [
            {
              "i": {"x": [0, 0, 0.667], "y": [1, 1, 1]},
              "o": {"x": [0.333, 0.333, 0.333], "y": [0, 0, 0]},
              "t": 22,
              "s": [60, 60, 100]
            },
            {"t": 44, "s": [100, 100, 100]}
          ],
          "ix": 6,
          "l": 2
        }
      },
      "ao": 0,
      "shapes": [
        {
          "ty": "gr",
          "it": [
            {
              "ind": 0,
              "ty": "sh",
              "ix": 1,
              "ks": {
                "a": 0,
                "k": {
                  "i": [
                    [-94.797, 0],
                    [0, -94.797],
                    [94.797, 0],
                    [0, 94.798]
                  ],
                  "o": [
                    [94.797, 0],
                    [0, 94.798],
                    [-94.797, 0],
                    [0, -94.797]
                  ],
                  "v": [
                    [0, -171.646],
                    [171.646, 0],
                    [0, 171.646],
                    [-171.646, 0]
                  ],
                  "c": true
                },
                "ix": 2
              },
              "nm": "Path 1",
              "mn": "ADBE Vector Shape - Group",
              "hd": false
            },
            {
              "ty": "fl",
              "c": {
                "a": 0,
                "k": [0.888151161343, 0.944075939702, 0.895734480316, 1],
                "ix": 4
              },
              "o": {"a": 0, "k": 100, "ix": 5},
              "r": 1,
              "bm": 0,
              "nm": "Fill 1",
              "mn": "ADBE Vector Graphic - Fill",
              "hd": false
            },
            {
              "ty": "tr",
              "p": {"a": 0, "k": [297.587, 298.119], "ix": 2},
              "a": {"a": 0, "k": [0, 0], "ix": 1},
              "s": {"a": 0, "k": [100, 100], "ix": 3},
              "r": {"a": 0, "k": 0, "ix": 6},
              "o": {"a": 0, "k": 100, "ix": 7},
              "sk": {"a": 0, "k": 0, "ix": 4},
              "sa": {"a": 0, "k": 0, "ix": 5},
              "nm": "Transform"
            }
          ],
          "nm": "Group 1",
          "np": 2,
          "cix": 2,
          "bm": 0,
          "ix": 1,
          "mn": "ADBE Vector Group",
          "hd": false
        }
      ],
      "ip": 22,
      "op": 720,
      "st": 0,
      "bm": 0
    }
  ],
  "markers": []
}
